name,last_name,date_of_birth,gender,address,phone,allergies,preexisting_conditions,social_security_number,bed_id,doctor_id
Megan,Reid,1962-10-22,other,"67701 Susan Gardens Apt. 371
Donnaborough, OR 32611",371.990.9454x18070,By price difference information plant road instead.,Test child civil which commercial.,787-78-9558,,
Jerry,Nelson,1927-11-16,female,"71798 Christine Stravenue Suite 675
Port Rodneyview, KY 03362",(862)557-8256x655,Can hear continue region.,Maintain money organization professional want Republican possible there air.,179-28-7360,,
Brian,Pierce,1983-07-06,female,"991 Joe Plains Suite 782
North Carolinefort, AS 05210",+1-856-639-1015x9581,Professor never develop respond.,Ago party manage anyone image of visit accept.,827-09-3163,,
Gregory,Ray,1992-05-26,female,"267 Stephen Isle Suite 719
West Barbara, CO 50519",841.628.4296,Next room imagine property.,On which mouth since figure.,660-24-1645,,
Eric,Gutierrez,1944-03-25,female,"8326 Powers Via Suite 425
Kathleenmouth, PW 34835",001-796-712-0225x62315,Which plant mean everyone way vote pick.,Open among final true very need person everybody ball play as.,864-41-8992,,
Gregory,Johnson,1920-01-03,female,"409 Allen Fields
Michaelfurt, CO 94416",7218169917,Red maintain we shoulder future high church.,Age debate always language inside.,613-28-9303,,
Mary,Thomas,1955-03-26,female,"815 Campbell Cliff Suite 756
Lake David, KY 55892",(544)921-3873,Situation political hear.,Accept group job community author focus prevent network.,743-40-4329,,
Dwayne,Carrillo,1997-04-03,female,"9460 Jared Path Apt. 917
Staffordfort, NH 61481",368.539.6191x11693,Rich standard involve technology operation.,Describe letter remember rich.,230-53-1398,,
Christine,Johnson,1954-02-05,other,"58999 Miller Motorway
South Melissa, MP 64469",001-992-322-4566,Value reality interesting back across political.,Citizen news performance we development much political successful own rate.,143-69-1515,,
Nicole,Richardson,1994-08-15,female,"40013 Herrera Prairie Apt. 772
Lake Jason, WV 07349",(962)659-5792x8744,Catch behavior eye woman class hard play.,Physical although politics reduce single back information.,243-66-8981,,
Keith,Sandoval,1943-09-08,male,"4123 Billy Mission Suite 989
Port Jonathanview, NY 77620",3922073181,Likely benefit decide which.,Congress international federal deep ahead claim although.,110-66-3633,,
Tracy,James,1938-10-29,other,"966 Kristen Manor Suite 740
Lake Carrie, MP 10919",6085357796,Music car remember evidence one personal citizen even.,Detail country traditional him identify data.,111-83-0422,,
Kimberly,Smith,1950-11-10,female,"38567 Michelle Glen Apt. 563
Port Amy, RI 75401",846-844-4950x0259,Choose law resource pretty maybe throughout.,Region song outside avoid drive between collection choose.,599-56-9471,,
Richard,Matthews,1951-04-10,other,"60365 Kelley Locks Apt. 713
East Andrew, IL 17372",852-470-6861,Sometimes instead which however reveal wife sign.,Grow husband hope serve together.,167-65-0295,,
Kristine,Hoffman,1968-09-14,other,"39377 Watson Burgs Apt. 482
Dunnton, KY 64945",278.915.5642x8696,Seek executive day part key real now.,Day would adult authority first fly society yeah identify dog shake.,466-27-4317,,
John,Davenport,1955-10-04,female,"5126 Theodore Avenue Suite 573
Levytown, SD 68325",+1-601-217-4293x8947,Argue series late pretty whatever.,Person record close carry same citizen require name life.,464-41-2106,,
Charles,Mooney,1950-08-16,female,"97725 Sheri Crossing
Christopherbury, VA 24814",001-308-700-2828,Time open choice close report.,Method medical early she moment.,360-87-8639,,
Katherine,Gould,1994-11-26,other,"15527 Sheena Greens
Fischerhaven, MA 61791",749-261-7012x226,Appear side history free company.,May federal last agent first speak chair.,047-47-9600,,
Tracy,Sanchez,1944-02-18,female,"58541 Cynthia Mews Apt. 903
Marcusstad, VT 41912",(292)661-3593x610,Book shoulder rock part opportunity.,Recently early agency including reality ability director officer heart.,817-37-9651,,
Stacy,Mitchell,1985-04-01,male,"6704 Jason Walk Apt. 429
Jesseside, WY 98630",421-259-9742,Name increase available executive loss reduce thousand.,Word forget look end decade.,828-74-3771,,
